fft_0.042Hz,fft_0.292Hz,fft_0.542Hz,fft_0.792Hz,fft_1.042Hz,fft_1.375Hz,fft_1.625Hz,fft_1.875Hz,fft_2.125Hz,fft_2.375Hz,fft_2.625Hz,fft_2.875Hz,fft_3.125Hz,fft_3.375Hz,fft_3.625Hz,fft_3.958Hz,fft_4.208Hz,fft_4.458Hz,fft_4.708Hz,fft_4.958Hz,total_power,max_power,crest_factor,spectral_entropy,spectral_centroid_norm,spectral_skewness,spectral_kurtosis,shoulder_power_ratio,outer_power_ratio,spectral_flatness,acpr_db,harmonic_distortion_ratio,regrowth_power_db,label
57.2354632694165,57.9356079741824,45.1390259611498,8.49833789929535,2.41905378732326,-0.577812976416916,-2.78416978452217,-4.15797564902827,-5.54150448853711,-6.55260568268841,-7.27646201061934,-8.41352543210086,-8.93505289095163,-9.79468720616204,-9.84768601983995,-10.7634045337743,-11.0455266022205,-11.761526025483,-11.9499938910281,-12.3641006603313,271611389.244179,748954.195782146,2.389658507822,8.99982602891243,0.0471659186808713,0.126753810853886,2.32767721728835,3.42447158080942e-06,9.49446573645924e-07,2.47815424384869e-05,-55.2870351218819,1.41500035254167e-06,22.4376051479148,0
53.3008210119727,53.0128695934718,42.9657448105281,7.61076374193698,2.23719727784618,-0.849739761251109,-3.05557141835563,-4.4274912729169,-5.51690141231158,-6.50356932100032,-7.28814387002306,-8.07768525219807,-8.64038961386449,-9.53254867403851,-9.58963767285559,-10.7574483519166,-10.7296295183246,-11.3246990209429,-11.6124088827566,-12.2347269849175,83372928.9775826,251784.081319441,2.3023723055052,8.98693316153774,0.0436458898487896,0.38337285146317,3.54078799463697,1.06278988403756e-05,3.24556581209776e-06,7.23238494926247e-05,-50.4149363599468,4.78831796830108e-06,22.6696545404988,1
