fft_0.042Hz,fft_0.292Hz,fft_0.542Hz,fft_0.792Hz,fft_1.042Hz,fft_1.375Hz,fft_1.625Hz,fft_1.875Hz,fft_2.125Hz,fft_2.375Hz,fft_2.625Hz,fft_2.875Hz,fft_3.125Hz,fft_3.375Hz,fft_3.625Hz,fft_3.958Hz,fft_4.208Hz,fft_4.458Hz,fft_4.708Hz,fft_4.958Hz,spectral_centroid_norm,spectral_entropy,spectral_skewness,spectral_kurtosis,spectral_flatness,label
57.8576163299646,57.4222265488224,46.3032404514091,7.87643002739139,2.21517666132079,-0.874582304112207,-3.36205830179,-4.81424052730798,-6.07479731712407,-6.87302501267134,-7.69271175849661,-8.82130199790211,-8.98941241973137,-10.3205481085933,-10.6878352148862,-11.2285584529085,-11.6824107400401,-12.1317619657433,-12.2083824021971,-12.8418717681299,0.0475551333681143,8.99984745336215,0.0994004422122791,2.28740666722515,2.25980686789899e-05,0
53.6241164624633,51.9986931340463,42.3237749721558,8.61546842390374,2.37176578008246,-0.72033065493998,-2.44942681203801,-3.54991721924705,-4.70984944767214,-5.49459159318607,-6.5154985166825,-7.18164351324122,-7.62648581860016,-8.43631837568113,-8.52545340165751,-9.48451409260237,-10.0403212211706,-10.3724146410721,-10.8307932609198,-11.1603968711119,0.0436812246664675,8.99015205698437,0.390326261515676,3.83075921217554,8.49491685322691e-05,1
