fft_0.042Hz,fft_0.208Hz,fft_0.292Hz,fft_0.458Hz,fft_0.542Hz,fft_0.708Hz,fft_0.792Hz,fft_0.958Hz,fft_1.042Hz,fft_1.208Hz,fft_1.292Hz,fft_1.458Hz,fft_1.542Hz,fft_1.708Hz,fft_1.792Hz,fft_1.958Hz,fft_2.042Hz,fft_2.208Hz,fft_2.292Hz,fft_2.458Hz,fft_2.542Hz,fft_2.708Hz,fft_2.792Hz,fft_2.958Hz,fft_3.042Hz,fft_3.208Hz,fft_3.292Hz,fft_3.458Hz,fft_3.542Hz,fft_3.708Hz,fft_3.792Hz,fft_3.958Hz,fft_4.042Hz,fft_4.208Hz,fft_4.292Hz,fft_4.458Hz,fft_4.542Hz,fft_4.708Hz,fft_4.792Hz,fft_4.958Hz,label
57.3504884293119,58.0732321407222,58.1991518000577,55.7728749499598,45.8156444597753,10.9357580184793,7.44137481438747,3.8361200195873,1.38432140019113,-0.61241448649575,-0.956355236759454,-1.91732323927021,-2.84369629614658,-4.24674465218337,-4.71667768452669,-4.68786594621314,-5.70349302750143,-6.6510661038668,-7.07337282114156,-7.1659975358609,-7.43033962765749,-8.35428979544474,-8.71668094602136,-8.77890979936496,-9.07169949391836,-9.81609164342013,-10.0002616037246,-9.87992387070672,-10.1358241303322,-10.8234372036388,-11.1229526340646,-11.2772651502777,-11.2840418255579,-11.7545978474241,-11.829030605309,-12.202079568746,-11.97408844074,-11.7431553726037,-12.5415521920447,-12.7297008264818,0
53.1959377913384,53.3433033801214,51.9043966480601,48.7669782126943,42.5994348091701,11.9139463054977,8.4632202518379,4.00064979483929,2.31929381107205,-0.273972324858929,-0.711991082184406,-1.32640879210691,-2.21707197768407,-3.75423993419622,-4.00221806531664,-4.60072554610394,-4.87178989364307,-5.96198144271126,-6.326931101476,-6.65116295769197,-6.56489940966126,-7.63332896177512,-8.01042593925982,-8.29326195260432,-8.66634051136876,-8.99359685686649,-9.34891798740886,-9.29138478559469,-9.27819443965361,-9.97682390306099,-10.3765081932456,-10.4580029681029,-10.4344030897185,-10.9619714767862,-11.1557490944151,-11.2647761758714,-11.5544038966085,-11.5073618519527,-11.8541354558507,-12.031885083768,1
