fft_0.042Hz,fft_0.292Hz,fft_0.542Hz,fft_0.792Hz,fft_1.042Hz,fft_1.375Hz,fft_1.625Hz,fft_1.875Hz,fft_2.125Hz,fft_2.375Hz,fft_2.625Hz,fft_2.875Hz,fft_3.125Hz,fft_3.375Hz,fft_3.625Hz,fft_3.958Hz,fft_4.208Hz,fft_4.458Hz,fft_4.708Hz,fft_4.958Hz,total_power,max_power,crest_factor,regrowth_power,outer_power_ratio,shoulder_power_ratio,adjacent_channel_power_ratio,label
58.0289215471923,58.173358353094,44.5543496677192,7.74843284441119,2.10071902558383,-1.25833421951805,-3.20253064766252,-4.48764855099144,-5.95099044127599,-6.62776694604081,-7.658347351273,-8.54999807455571,-8.69438468745474,-9.83225570014793,-10.3466317458757,-11.0318976088538,-11.1290598135867,-11.8575277459191,-11.9686792437219,-12.5905786267191,271613372.298205,798240.085276515,2.46093308071828,168.642092841263,9.11826821130214e-07,3.17945034290848e-06,2.73806208427921e-06,0
53.5457533093774,51.4817203680183,42.1435888331613,8.20523291489464,1.05380085740233,-2.28262235596104,-4.23350328858765,-5.31891324187832,-6.49200259456908,-7.82899657616655,-8.0968030581464,-9.50795238944164,-9.61463834599238,-10.7731377176637,-10.12988841298,-11.4785786044648,-11.9852977381093,-12.7641784487953,-12.8122054481085,-13.4707309464367,83108471.3853387,251543.626471769,2.26526794447601,139.326513345181,2.4572996451243e-06,8.29195423124832e-06,7.1192461357395e-06,1
