fft_0.042Hz,fft_0.292Hz,fft_0.542Hz,fft_0.792Hz,fft_1.042Hz,fft_1.375Hz,fft_1.625Hz,fft_1.875Hz,fft_2.125Hz,fft_2.375Hz,fft_2.625Hz,fft_2.875Hz,fft_3.125Hz,fft_3.375Hz,fft_3.625Hz,fft_3.958Hz,fft_4.208Hz,fft_4.458Hz,fft_4.708Hz,fft_4.958Hz,label
58.1148572795307,57.7238340363278,45.7731469779555,7.04999827969913,1.43525373930657,-0.936602104438418,-3.18458675790604,-4.41009429853959,-5.59771907878102,-6.73250330044355,-7.34105959501827,-8.01466623614532,-8.61094548906256,-9.45102306097516,-9.9827775640055,-10.3919114614166,-10.9647737983358,-11.3161839962542,-11.3860499164549,-12.1142758312976,0
53.3273040053894,52.3250256896965,42.4602250791232,7.64033692609903,1.28229004318277,-1.14166082089674,-3.39400020484314,-4.51774084874056,-5.79746221344382,-6.68374678112486,-7.44243921003597,-8.34113131389626,-8.79753070754374,-9.62108656187899,-10.1026234385545,-10.6570924226824,-11.2117504889937,-11.6459730612077,-11.8881147832049,-12.2723144405908,1
