fft_0.042Hz,fft_0.292Hz,fft_0.542Hz,fft_0.792Hz,fft_1.042Hz,fft_1.375Hz,fft_1.625Hz,fft_1.875Hz,fft_2.125Hz,fft_2.375Hz,fft_2.625Hz,fft_2.875Hz,fft_3.125Hz,fft_3.375Hz,fft_3.625Hz,fft_3.958Hz,fft_4.208Hz,fft_4.458Hz,fft_4.708Hz,fft_4.958Hz,harmonic_distortion_ratio,harmonic_distortion_db,intermod_power_ratio,intermod_power_db,acpr_db,regrowth_power_db,nonlinear_residual_ratio,label
57.3329972491017,56.577881949171,45.29952506635,8.35586542798378,2.24989012661442,-0.437115596657176,-2.62922897949142,-3.89474022537978,-5.10029615355763,-6.22496098907084,-6.67711731250029,-7.87461234051777,-8.24684556927785,-9.21500206806473,-9.49361996983669,-10.4394572316963,-10.7833877030467,-11.2331651952126,-11.3352527475704,-11.9925986353311,1.56741744877412e-06,-58.0481532283506,1.73953353287739e-06,-57.5956719491313,-55.1066349869359,22.9267390411159,4.65178331663516e-06,0
53.1337944728961,52.0384097031042,42.3751062597773,7.97413874402991,1.42737183071838,-1.13285668380632,-4.07563020807776,-4.84392196856567,-6.46400405302677,-7.49792759750798,-7.96928036622433,-8.78537497323593,-9.37933779468945,-10.3809802367643,-10.606892950725,-11.4722295156261,-11.9842588486318,-12.1887015696709,-12.2956613184888,-12.9968406511332,3.98586997168216e-06,-53.9947687307296,4.37371600878726e-06,-53.591494196807,-51.1618044323545,21.8517291270603,1.16356589859053e-05,1
